age,algorithm,gpa,social,y
3.576113202072184,3.7289203416955274,0.9306032113865041,4.438372031858449,1
1.8298906538672388,4.393182980675391,3.137649338757583,4.83130749226501,1
3.9815930284357934,4.050716606050829,3.8863040282114913,4.8658596074727045,1
1.7346233699491753,4.6054881203556866,2.6053154460093926,3.6632242748049135,1
2.759050163263634,4.288383156237827,1.8949249543368296,3.238930978315246,1
4.454374565323343,4.015741355321115,2.1962587485749197,4.642510303933614,1
2.339922797794492,4.958930589720562,2.818713595338813,4.831258819670844,1
3.3172418635898806,4.636988696455224,2.3767254368005006,3.281457435973197,1
3.4056965241178974,3.0107439912080745,1.7446601762131322,4.7100977927289795,1
1.8269365066025114,4.803229170814896,1.929031492481669,4.303353593375067,1
2.657272443137631,4.1309252045038685,2.329401395685251,4.196749561794325,1
3.723466986064163,4.985244217503916,3.4730160609012306,4.105064697500848,1
0.5308788923834316,3.8125550510728634,1.9530255474864129,4.757229293693321,1
2.425192518458891,2.7080932442628285,0.8217180348549487,3.588425581364175,1
2.722283993580604,3.1045432929160572,3.1116079993100034,3.533554033066949,1
2.703280115421854,3.285440841026607,2.185068289933528,4.859508652049959,1
3.678430351211942,3.3967651809136266,1.5313999133517466,3.4798043652965536,1
0.45432883063705454,4.0705682083239,1.82850509613047,4.191795734522707,1
2.5182970543055383,4.698482729550816,3.7024970367117973,3.4918547940818905,1
2.9590404596542497,2.957643931745188,4.67444859938858,4.226001288233384,1
2.085803358839461,4.884396556165577,3.767652674030211,4.191510541841662,1
2.7217484341028078,4.122936179854222,2.7742470727109376,4.572949592101215,1
2.7602149237842375,3.2987488400036575,3.413615833955201,3.747970363457084,1
1.6751369302197279,4.969299232088033,4.442456703144742,3.5952611114101636,1
3.769542152801935,3.287984477502473,4.128709916525986,3.7916649138071756,1
1.618250587061328,4.353510795651354,3.863029548612392,4.610483198733335,1
3.014364325089567,4.745815611980294,1.6511218243337566,3.9485380310362976,1
4.420620193390702,4.38764852538274,2.1796190895385092,3.6151951943383223,1
3.0815664621307883,4.4834599434830125,4.277943715068101,3.2274556721277134,1
2.5064799610768618,4.108343145640662,1.1753454251450284,4.1130341371169745,1
1.911272101131505,3.923589511729771,2.2643726360627072,4.369346753827482,1
2.096973640419517,4.539685390153821,3.3034550566896965,3.33720407662688,1
1.673167256613584,4.18632238018556,2.353574156578609,4.57729920512735,1
4.563148633095155,4.050619647767531,2.6471264797790184,4.924718004164453,1
1.3646474011396867,3.8598153226782337,2.3509767960475942,4.9287727664664525,1
4.045626949772732,4.76293371328235,2.11471924545233,4.82148495099408,1
2.9446388566344694,4.492492648715572,2.3924547497959066,3.8927701430437,1
2.4978322692030854,4.5073624839987385,3.231864623844589,4.444160522715445,1
2.277973479359648,3.4390937004230855,2.3588763952373673,4.91843004244966,1
1.684229329180654,4.7310954209502185,1.6556787691335004,4.878936405466836,1
2.0689823776470124,3.743145770208451,2.708276896384566,4.996092463827769,1
4.539909056077662,4.8072133257552965,3.174194285421728,3.8946446184325394,1
3.9394628471477464,4.38290621839952,1.4418829924642327,4.6707726001705705,1
2.270839776566147,2.604188503727762,3.0064790317112196,4.354174905517453,1
4.394565299636278,3.4006390845768806,3.717880238087191,4.166704631646455,1
2.437750744269236,4.9248144726255925,3.2251250285794937,4.022690361775835,1
1.0980858664701962,4.670865751870849,2.9322487523731757,4.98565808045364,1
1.3137615340364561,4.911587220214067,3.4266302061882072,4.888198561246572,1
2.1394815828989944,4.819650738231848,1.9103227567086871,3.9103712652291023,1
3.0657722264418537,3.4696691124680337,2.8811366125424964,4.149413746000487,1
3.071501562063306,4.922481486518948,0.6235018003456299,4.37216215360371,1
1.8530969007280467,4.192136087772678,4.404886759045048,4.114668972082814,1
1.2130898141178719,3.267969742245838,3.6210502447831843,4.749223363588812,1
3.3693194506425255,4.510843855986402,1.7749990316647204,4.382287104642539,1
1.2284925873390997,4.2292555459787184,3.3229919166743342,4.512880159307856,1
1.7273583609615046,4.976487807236693,2.188351857899232,3.968038696514758,1
2.776503346268737,3.8808427626324615,1.4056621054894447,4.749135340269854,1
2.202381074564811,4.412299640977683,2.764316551774496,4.243803677033742,1
2.891324354098219,4.8277532298944825,2.5101473739841444,3.8972139388775773,1
2.4241244393202668,3.793871202071112,1.5356955844865066,3.7944156800244073,1
2.2009973221436785,3.0987840674415636,1.7222432385498516,3.8803816446024966,1
4.336985720437825,4.866312004126842,3.263456706841413,3.843061748858299,1
3.782696983804059,4.597358299972791,3.8581844883490035,4.783085117496166,1
2.6853017209766312,4.460290153059509,1.0271427016294004,4.689317330406902,1
1.412053749470599,4.375548643411822,1.749091422669897,3.382712657758369,1
3.3623093312393504,4.191257245330221,1.6826175973464816,4.8056524033852295,1
2.519781007110189,4.370625633288478,3.4902187445153894,3.50469363872338,1
2.431195619826463,4.347625349185023,3.179375849827675,4.755115786610181,1
1.4049029326411917,3.8334914222294896,2.2447857356941667,4.59637168255177,1
1.6409555727996714,4.824490966935077,4.043924849322529,4.922937902778883,1
2.291038425201892,4.472169827391689,2.886036816192366,4.586739886106116,1
1.0836238165972802,1.5204684055393796,1.3831760708723895,3.823936285449256,1
3.8509799701392913,3.600915118657787,2.4739950791746614,4.757089402238472,1
3.194944963010126,4.441869429973543,2.954815167516107,4.759703861127186,1
3.1441680021788585,3.904546317599369,3.286854852008677,3.8086395907851553,1
1.0192564951566194,3.931117052984134,1.9412387102547406,4.178326927744439,1
2.2953907317248166,4.769176573277008,3.5691044405896744,4.278666418060531,1
1.2330323066294429,4.758770050466506,2.634129323707362,4.606421255965999,1
2.0905678530467173,4.851414428410792,1.89155597956732,4.062183687445488,1
2.042886293180374,3.500766389305351,2.9689345840214134,3.9400268818823205,1
3.5842373952621416,3.405348592628544,2.6696370169220547,4.903257673402469,1
3.5137620994315535,4.552750128161636,3.837551611376539,4.308147243784566,1
3.4697328801037566,4.349897049791655,2.693720421536871,3.2654305450460663,1
2.6804915877241906,4.961071472955536,3.5861720752516937,4.2582173728215,1
0.5080431312299498,4.657786938830667,3.685378247368976,4.966766479486807,1
4.284192402642462,4.643411589749665,2.0557965181210465,4.902303290145907,1
2.224752644762109,4.19206296088067,1.8574770300277763,4.826082308555928,1
2.145074038475426,3.9986611169745157,2.637991443327313,4.525615575391074,1
2.8506724156210206,4.218692072140111,2.0458449657533,3.3512476099981203,1
2.360490274299125,4.049000805875148,1.5955433751252128,4.728882025129981,1
0.8823558738403394,3.778995457001246,0.7018113826008365,4.207121173243709,1
4.121789946582983,3.7426854818246875,1.1026758686596905,4.894107010682578,1
1.6044936247533321,4.080425738982894,3.01481073983373,4.151648829056623,1
1.3246843788886813,4.858745193498912,2.404414641833785,3.674620995949887,1
2.9558367013552496,4.663037309264843,4.549302536339198,4.963577187667587,1
2.9974906729297106,2.9610945579065473,2.245756219276557,4.7785529487170395,1
2.5769970914552034,4.6761778784081525,3.304307392307169,4.559790331793473,1
2.270945261544998,1.9192642576272303,3.219466389669507,2.455978896812994,1
2.8161508181903945,4.638470002688857,1.7360532401958797,4.729867995747127,1
2.2154441024974325,3.989885327199011,1.1668096096913811,4.938322932433013,1
2.483562521262093,0.4614551202596605,1.4793144253582253,1.0184470916023667,0
2.4221164328452502,0.585330214126023,2.829443403739524,0.009932847516040564,0
1.732056656419793,0.43967595823605116,3.910077188774652,0.5881611406922761,0
3.1302663090125677,1.2800574265571294,1.7616326366039887,0.08614316642881609,0
3.2809306260979167,1.787489638611245,0.6468754295702244,2.3754040768654243,0
2.770280545885335,0.8366650777741191,2.4341007062014572,0.6493150259651025,0
2.6575546960389747,0.3762397787497979,1.9704010884810197,2.0708205605321437,0
1.0400525242970997,0.46813185007318814,2.0878681244006105,0.6730019403428941,0
2.7835205890925234,1.222406176697047,4.308862921812491,0.2514135819277272,0
2.685422438004603,1.0759978669075174,2.7538137221927492,1.2592117753430925,0
2.9532665741991955,1.9979298345127388,1.8502262075350768,0.7914294664883451,0
1.7999178807655696,0.7828561311490824,1.9548360904215853,0.42120413025474607,0
1.1534671387651176,0.21057610814197758,2.8596871252316425,1.2971677235594947,0
2.7078682928573157,0.6265728590493373,1.2147212225656507,0.8978100857420808,0
2.606136875792533,0.8531417922087774,1.6933279097842173,0.25069291232832364,0
0.617983254161451,0.6300006539369984,3.3605547124390465,0.08960559899796935,0
3.7546775956558376,0.47883562633486376,2.083642106857922,0.3014721169320825,0
3.7842045442482766,0.17154833746572368,1.087909249163272,0.7634937077158386,0
1.2219112477700558,1.170747937760015,1.5973458386161647,1.4236194914820208,0
3.982055304757059,0.5157217962812931,4.183288921302735,1.0689597911429376,0
1.041183470688436,2.130634388349116,1.8795288567301582,0.6009683514624856,0
1.0010867730636404,0.9186656039097706,1.8326654043434019,0.27559825491478884,0
2.922124104416732,0.20423768001983406,2.6353602871711272,0.46942127147989204,0
2.9574723231271096,0.4267862344949553,2.2126164255430356,1.0508655703692815,0
1.640831567610877,0.1090291371093126,1.4310070017770553,0.2115652034822531,0
3.1583691352479564,1.0896293283641205,2.7846644488273666,1.0020505713338501,0
1.7353716549845188,0.9345101174678779,1.1092188717313411,0.24306877158271173,0
2.189470411217892,1.1191190681823056,1.6796433938597706,0.957714676700896,0
2.169125856631907,0.6065221793286272,2.137044910428456,1.8764934532838493,0
2.2929218221073637,1.0071065785693991,3.9823078108698464,0.5182391634829783,0
4.835984219007614,1.4467766182905486,3.0058225826193143,0.6645557150190106,0
3.344131724566119,1.4632734396247444,4.120992516574195,0.5423797096269569,0
3.0872255085127533,0.07164402833253167,1.1031343442087316,1.5245700716744663,0
3.095945151498542,2.034929978007211,1.739896598644881,0.44282897346971434,0
3.5390427242741787,0.504130334786758,2.038868339631207,0.7430238282319802,0
1.7428809547195145,0.699724808934706,1.7993854082326783,1.7464656681879345,0
2.0212659788873117,0.8764873049032601,1.206696257558759,0.3382997371383887,0
4.735009837131381,2.086845926912519,3.412044724685114,1.9095244290886046,0
2.5918118211192085,0.7460531770734559,3.214998563135107,2.5632024902457,0
3.38290625216412,1.1438046916091502,2.2839480730473514,1.0652033206348281,0
3.95850137256339,0.5126303074010425,1.931127440635784,0.6055921502929182,0
2.231845115414905,0.19727593023103424,1.1869038664769784,0.014961872977482254,0
3.40507006042215,1.1872752489801621,1.9205254123090065,0.49868049472193365,0
2.918671298071901,0.7891967697406869,1.251716022479648,0.4107094692053834,0
2.2138539659164813,0.5709910486147802,2.5890681162733444,0.549048043048789,0
2.6842704211602744,0.5063452186028853,1.4266230371550561,0.6767855108338547,0
0.6094550995293928,1.1068723847335287,3.194420846317623,0.10699714630579148,0
2.3866434968608066,0.28405615525620653,1.8745216647965293,0.6727203115695365,0
3.142973540586792,0.9797004709578939,3.2932924350373325,0.0311510081941962,0
2.2242214971023806,0.7118149314708956,2.289037381816067,0.3093158162228062,0
0.9654394043599328,0.48467716657543686,2.8026874381759206,0.10251792427369016,0
1.4199089680155987,1.8419390633718242,1.771577713388231,1.6520929595206293,0
1.8570379550452893,0.6038900852973985,2.7468763840065287,0.32305836213254624,0
2.7263600525762373,0.3485203276214302,3.7318727391160547,0.2092864674613887,0
3.2808137968940203,1.3076438318075128,2.018634652994736,0.6196986992152859,0
4.708529280289076,0.4047848136621583,3.141037226193021,0.16092891695746403,0
3.9121960541888416,0.641362972428471,4.906796134133556,1.1907734757754989,0
1.8765483673582246,0.6885518276598809,3.549909718272219,0.2432190843744455,0
0.6897288400336403,0.13365576945959481,3.664404453416248,1.2796124236551392,0
1.3379590863869297,0.9108231524524887,3.043150091296285,0.8496001208667018,0
2.2120836256489618,0.43163446053206755,2.2409528392569498,0.4284654722048658,0
4.130939249740039,0.9302528495107152,1.2281845487222685,0.3860645220062842,0
1.6373830409420982,2.528161541780259,2.784163244549632,1.3895895523760289,0
1.6870073188740728,0.10392161463408217,2.32596489063924,1.6109607502586163,0
1.6399436745284994,0.0900700392422786,2.150649141434157,0.08555975365517997,0
2.491133781885878,0.3898975959605438,2.8131459565143633,0.05229173197562957,0
1.882069599996465,0.6627336117744348,4.034575694612151,1.319664033319774,0
2.5705489867187867,0.20120334164384157,1.634704991051875,0.8031226040014793,0
1.6626762000027042,1.2491564896838139,1.8178944912287753,1.033721208755364,0
3.7867978189463924,0.18112800089784892,2.5286365862067797,1.832086793611927,0
2.906248301248993,1.30228038222904,1.593863721764984,2.575225097777067,0
2.0280470139186795,1.1429699308269023,1.9298531970472923,1.4042371218810412,0
3.561328558230804,2.0112119336435588,3.2342447499977895,1.1051513018201284,0
2.6024716503298615,1.3066649802912884,1.1712456515722318,0.4921395258752489,0
1.7719603196008311,0.04866108990610882,2.5407030658731204,0.14507813187713292,0
3.502103098940035,0.7481804841480784,3.6805365053483774,0.27682207249810825,0
1.789683439146092,0.5725678582618381,2.0759068256602444,0.3094151209596577,0
1.1945953855895377,0.23625466325632144,1.244039554016567,1.626344415929688,0
3.6831020784350303,0.09058563386245651,2.645861156755214,0.09086318000540296,0
1.8311892631664821,0.5265138881105779,3.1475835287847342,0.15946240559289004,0
1.4628351377014186,0.27612448350520663,3.616878990864693,1.0063432867201725,0
0.9559175268969402,1.4040607913426162,3.024956894500281,0.009382418830625216,0
1.630357390779138,1.2735527779140177,2.532050114696381,1.9008670629656885,0
4.362663374994122,0.6609542438160398,1.5157771906885518,1.1341250268850522,0
1.8085219870154219,0.9848634840555377,4.332159757903171,0.7980968938819666,0
2.0179020370494953,1.6675564884520742,3.649082848683175,0.1846132723177773,0
3.7150507310692977,0.49094271161576136,2.4801269588040964,0.20371528259740962,0
2.3389595358641198,1.2061791289640258,3.7402163668803325,2.2795902450580945,0
1.2825748612141692,0.6168747965468468,2.2599188338902176,0.6894761882498498,0
1.3167447675646449,0.14640122899709937,1.6736603322244585,0.8288818356046083,0
1.8486518086585297,0.09306625008064695,0.34682206319119047,0.870928317063697,0
3.1571627872868744,0.9273019743503002,3.2386252290078765,0.013810623765775278,0
3.795820509732695,0.18008407837733378,3.0860741999983556,0.15775225979044913,0
2.4807316569858164,1.126140054586928,2.995243667984768,0.587679257546981,0
0.3338750299975941,0.03086674022034587,1.8845546399883124,1.8627124433259443,0
2.4008895137921913,0.6291637228831264,2.6090392126919473,2.8384824963645614,0
1.9625443049471964,1.2607549302717351,2.087897154131419,1.3617896829531237,0
3.0351331052870876,0.14769238526975262,4.451171210812409,0.6751095821356863,0
2.619580885979157,1.4283865946463192,3.4185446738809686,0.08627783072387615,0
1.8542079179016824,0.46608542744220083,2.707300563276588,0.7582232600712887,0
2.1631694201678484,0.5888416406967756,2.2889687065699635,0.7772385061786069,0
3.309215892084778,1.0066777656354176,3.114633523612608,0.8490826817533949,0
3.028439635464383,0.11499273619634579,2.5883200079147857,0.01813931036339416,0
2.4732517052652114,1.1627861747325525,4.161752988508838,0.25566147241619946,0
4.547454501216761,1.0632975670333826,3.5640029810574876,1.4591795406764516,0
0.8045802955525936,0.10674106430446192,0.8497915391069122,1.1318640918903486,0
2.081615604219534,0.8201669735401629,1.0752002655267765,0.5209017983116274,0
1.2425736061804782,0.0890724849982815,0.8942994053697602,3.385269582468799,0
2.396469394161293,0.7711908573612076,4.331419714482088,1.4312773204867146,0
2.7787034690614614,0.04792093447686651,2.627124709527448,0.23565044087543963,0
2.374527879548917,0.5753574173725592,1.5679301152832272,0.6748086365158172,0
3.8460503082651805,1.9103059019236872,2.382647732978592,0.4228874602158139,0
4.833415903056714,0.44321208737901163,2.6217909613710133,0.10151392939904133,0
1.490030139768758,1.9183292834153642,2.3883458614665667,0.23765606834845343,0
3.768729214789966,0.42161911274616237,2.4968937791549615,0.6024256821234678,0
3.4636939058459584,2.4314154001820034,3.146670794226317,0.3513235833395968,0
1.4156884403325871,0.33162183854648275,2.0513080890172204,1.0858009007335758,0
1.875681382820136,0.7631962645915242,2.496887511428636,1.7417735218704338,0
1.2367327189576092,1.6067294826629273,2.578788920503543,0.6695080947848387,0
2.391354414075481,1.5878442588102868,2.2982748241148747,1.1504655361299816,0
1.9125441584306508,0.5042406079957551,0.6923804549231374,0.48878307048711017,0
3.6426531638609183,0.823690905264555,2.047689849495957,0.5973668324066166,0
3.496019164914274,0.7372038208117061,1.1526503024205326,2.0859677603009072,0
1.302388939255789,2.6834477851555127,3.9919100142422077,0.2923189909991467,0
1.0265972415979236,1.1360198160461494,0.4600562951990317,0.9399028174345025,0
2.7854749340737817,0.24235316460375775,1.2754931634452313,0.6727218441374333,0
2.7035141192778913,1.4926759009375268,0.8885026255869157,0.6180495668799708,0
2.552022184036308,1.3075450412452676,3.6116552775027735,0.07784253613443659,0
1.7953315084309742,0.3582401881452637,2.8873544489440994,0.8438838803518048,0
3.8427972747290884,0.44806582655363286,1.243874705492016,0.7956337180427507,0
1.3720100980514316,0.008589605560487441,4.045749172849633,0.38962182906639214,0
3.173949247431421,1.0973075551694431,3.972174769008636,0.08065023689874469,0
4.023997870506597,0.5334972822813263,2.236671948283922,1.3474662397238766,0
0.4776175679105581,0.5112272210055743,3.083698410600955,2.3794055084348615,0
1.1013617761014385,1.5560972615649853,2.296819530680545,0.22630405726489547,0
1.3766329606456396,1.1509969390128802,2.6667732100787642,0.39113977368398095,0
2.211197772248405,0.3237572212990551,3.017665404263394,1.7503114702161724,0
2.5865822239341267,0.4157087818961615,1.7909845095990966,1.8384996599528065,0
2.6967602056139763,0.5676049895625995,2.258616631048631,1.5523096512410681,0
2.914691144265784,0.18229808202422582,1.5564021430479316,0.8508140549786002,0
2.9303174134350347,0.2508354656868264,3.5676485971017664,0.14121894015378955,0
4.1857095927470365,0.45528699144019974,3.586335903265189,0.9724873747463639,0
1.9555145195434687,0.5264746455023467,1.6116582330224622,0.11753862360441462,0
2.3213678266573514,0.32270616622389986,2.38465766787921,0.6559549307586701,0
0.6659219815082884,1.6220149993906585,3.1037365320815766,1.1201759419071673,0
1.421492583018902,0.8412480491500429,1.0190074838747478,0.3863134829422698,0
0.17870025976259285,0.4070593268321146,2.8480483587858587,0.707038571036331,0
1.4932856116526425,1.2807349642441155,3.938603471852117,0.8432259518233788,0
2.1441744150588606,0.01563946532264391,3.586467339938247,1.3492841886226836,0
3.093112162620691,0.7241392955693249,0.9950320926927134,1.051486689764952,0
2.5460287489482667,1.9430592857567324,3.133765644559727,0.15507860383686312,0
2.7492414758709605,0.19169915205528162,2.544600194414855,0.08123272341887469,0
3.640586568978076,0.18694319957441635,1.8209883467801027,0.3665275301431125,0
4.000225366764994,0.7814388359863351,1.560512528221083,0.5326841967635902,0
3.0399641604060097,0.7745661254818734,1.4950904700812677,0.06254837882780202,0
3.543959834551634,0.8978218794292548,3.1410905248940395,0.38566800851077654,0
2.4209770654500686,2.2780266227534085,2.190690263931778,0.2738404047036508,0
2.3137247494024002,0.5492566507921461,3.242633159404568,1.6715592524456608,0
2.265788667959816,0.99995375443178,1.3055824225820496,0.9233256660747944,0
3.1221816215082754,3.1290290272352363,2.292103043710049,0.33640387441142827,0
1.7640130579726208,0.16389595040777405,3.2992850861155407,0.7533871705096775,0
1.3352228659451195,0.5064636720339063,2.3030608291646995,0.07336054925740244,0
2.141579130360989,0.09175586294500852,1.4098869713183415,0.7914389680663428,0
2.6324648124025702,0.36065898391362666,3.1943405068619692,0.41816754227274155,0
1.8459206515205562,0.5846425977195846,3.2956803709884497,0.8586470646886276,0
2.3784109654963963,0.43241222985761246,3.2117247546531233,0.9423441725331471,0
3.5091216771729705,2.453174854279317,3.851845409859755,0.09842242406287724,0
3.684015290170821,0.6526020855279544,1.827955955280719,0.8314099908136181,0
1.8152995191841492,0.956974827523309,1.3851784385797579,0.7241023537720712,0
2.5194662992199226,0.24047005876368285,3.1127127275221365,0.6367561143334076,0
3.5531109388281807,1.0882434511880028,1.6586653738034576,1.135167489201932,0
2.030017587606783,0.7864858257521763,2.030528185272039,1.7407131769058635,0
3.369017081043854,1.2015303663993988,3.0137637877453756,0.030380050934086265,0
2.818714467505491,1.0447322484747599,1.9209198437176744,0.5738449418679868,0
3.36765033986775,0.04837947692120102,2.781482250334068,0.14822152867880242,0
3.2321778252081383,0.17843806583772884,2.800523513345962,0.9232021842166152,0
2.587806158828195,1.406483261720477,3.8609284915975945,0.8940343647065365,0
2.9281671467347663,0.7191383566135091,2.7984507085935464,1.4679148316682533,0
0.7787643448195576,1.1735638252200369,3.304923807590322,0.6864675302800423,0
2.6190018923159997,0.8060559507216626,2.355604404609614,1.2866843972924187,0
1.9788193331576265,0.8928945688846738,3.057674874373469,0.2645628605207828,0
1.9575619976366103,0.33206705887707144,2.132235509691855,0.8318817195532702,0
1.0660978059473416,0.3850027951723904,2.8860969698446066,1.4022661656429545,0
4.141048426119434,0.02841270339932653,1.8339444635333482,0.08054186382033145,0
2.528569532258232,1.1134240359168424,2.4931167775433933,0.2847976355286049,0
1.4492608072903213,1.3438271140177174,1.6600608367595466,0.002979735481997386,0
1.167129579772017,1.6007943706416279,2.643312136139442,1.377787115947632,0
0.8983222113302594,0.7282611871839545,2.0259104698681996,1.5891732992040384,0
2.3131537240412494,1.72294984335054,0.8313124888296273,0.6563315685926355,0
1.4839897738935548,0.120235116549932,2.648126028596082,0.2091900158955701,0
2.733108146189522,0.5052890097933104,1.5666003659441614,0.4579289893236628,0
4.162056884261968,1.357316759179794,3.4794313337367404,1.2241109173939233,0
2.275052321446652,1.0433711044158238,3.6449848747859326,1.2292348123937402,0
1.5569109399488514,0.3394668549161925,3.451405645553441,0.7227759372793301,0
0.6265977630160688,1.625800507033141,3.5500611945566503,0.2365653254154615,0
3.0550921986947133,1.7792258997374975,2.8337921651995646,0.3942824219933977,0
2.579644034777423,0.00761441926305945,2.786183828929471,0.09298979106712454,0
0.7539521781527463,2.307560820996556,3.4744701107799356,0.5331592128011866,0
1.431109091105922,2.2302205523080403,2.7785626220307713,0.04711538749593331,0
1.1169221837626255,1.6355817145903446,2.939206273150782,0.6674555041580655,0
3.167542965197457,1.0628384424660138,2.689838385420721,0.12180846206546699,0
1.1067563068812993,1.2072900011598906,2.34182519413959,1.0570629606344701,0
2.9639425332962506,0.1562082087612719,2.733509603662528,0.15460173566480756,0
3.54980053875247,0.8369572915219835,2.9511531133829334,0.24935337459787732,0
3.225367188352791,0.05169492037994657,1.6822001255062005,0.6905415572568664,0
1.0963611025631896,0.07153623039843343,2.3477475924126923,0.3968811455525836,0
2.0335757816405837,0.2110630327805188,3.495215444907054,0.1930928931954081,0
2.0443593997726763,1.725553367194496,3.280505350410699,0.2891345601700444,0
2.6543608641304943,0.31229020599962526,3.3630239957172545,1.4815141470599935,0
1.3157063106212952,0.7950302042902966,2.3173037425844463,0.5264980970386828,0
1.9978747220279403,0.5658065293514992,0.6823566570968467,0.18504407210287782,0
2.3130172907509143,1.8709717135919433,2.863589410462576,0.6284980966133675,0
2.5189668160622336,0.5039903822012459,2.3445513939343985,2.1793986811312998,0
3.552129492379364,0.26801592276937575,3.260504859159747,1.2938808573213518,0
3.1788622580618098,0.8174993211900792,4.314605828149846,0.6315715656951321,0
0.7843110034324434,0.6696227203971332,3.540411024385959,1.321322688962365,0
3.048254287010047,0.7388756075848417,2.4945944705086243,0.5186186664446574,0
3.170176438982656,1.1333609159635336,2.4358488586492895,0.8275988782764688,0
2.002127598088138,0.7544730366314627,3.205406603421146,0.19906486090492606,0
2.790602151048278,1.3324558021514414,2.6859240452680746,0.29148152395006455,0
1.8817386624003845,1.2214424769174008,1.949959883915328,0.3442809497389109,0
1.9889102565745513,0.6671675609595483,3.4133364351004363,1.7301667110929897,0
2.5044343862782834,0.9984376663863763,2.1141471908138394,1.4638287274648403,0
2.111512282884898,1.0886948742045577,3.861348628440236,1.0102374786967758,0
2.7703338211027067,0.5445209248307368,3.219463369412685,0.8795409058899258,0
1.6507149849509692,0.8889309123972917,1.6419509627793802,0.14172444188885766,0
2.6247623504698088,1.0606018137288653,2.022722474407678,0.5916154385330343,0
3.886234847009761,0.23721289860895672,3.501762118114338,1.0012274060267436,0
2.156599140964876,1.632963128377516,4.758225967349622,0.37677881867928753,0
3.5963784029639307,0.9124292220994995,3.165416982766084,0.6948859739326422,0
3.324340347189545,1.0306367501531697,2.1396883005114264,0.2874907165894743,0
1.6847350169632376,0.05122868013684313,1.5224125198516822,0.01966623302992312,0
3.2956222426479456,0.15645766694098717,2.5223768478630824,0.3921403835031465,0
2.1512534607947655,1.3903621704422222,2.445480922450243,0.8030799344140731,0
1.5461000187133047,0.48292429474758214,4.342000570737136,0.8134384133360404,0
1.481367834431263,0.5297662707463159,2.77263311656074,0.055287541664340696,0
2.1608792716979566,0.3019760358499528,2.3735625982995785,0.18879518004600035,0
2.9309943639816285,0.3404495113906791,1.7312025657070733,0.3592618213216514,0
2.268789854410767,0.2797034610665843,1.9607689953417373,1.4239825894734361,0
3.230256893388364,0.6794321168440144,2.1926479423755083,0.6860193850342444,0
1.7727639901448953,0.2870965219354174,1.5780371390501515,1.6336514474213943,0
3.308627787298869,0.730114502752528,2.8132414825734213,1.5439984848286101,0
0.28704153200329996,1.4459141831586355,1.2377956085347828,0.9415940985871565,0
3.2585393980110577,0.7615564656326592,4.555196362046409,0.2094575446084046,0
1.382672972802592,1.0970310111282113,3.6115850688544278,1.6331253898241889,0
1.1390146780897705,1.0039203727090351,0.8914749053400643,1.0952096883590088,0
2.5724892532996986,0.02263082241329946,2.637595092300245,1.3852449126861468,0
1.7337588798276817,1.5246012956378197,2.7908057805415867,0.6475172651175011,0
2.890516076067731,0.10174634052293799,3.143381124211965,0.9130767366873087,0
2.744410877503625,0.7670140616229203,2.659237918542447,0.5003351724862134,0
0.1691610939646475,1.4024348886173903,3.6693618259033407,0.8194918651727755,0
2.548363363980973,0.10204013552464827,1.9541555343666934,2.0266673812359772,0
4.368375543929158,1.443636943103884,3.59045621465682,0.2539154381934852,0
1.5779062872030885,0.3327707006194848,1.1621347527657888,1.8436685392828884,0
0.39331679365209204,1.0887669294523459,2.3380634926711763,1.1621643728471989,0
3.6048735367318097,1.0644182684962509,1.176612844042385,0.048464497594300736,0
2.4826944081471343,0.8692186427713994,0.02930552022123889,1.6100665961565974,0
1.3871008897664274,1.2588669218894835,1.390100186764569,1.3103900001098026,0
3.1982858443011466,0.03258365502466257,1.1121804811473894,1.3827190558328428,0
3.522126503978807,0.6717778188437747,2.6603774015526223,1.8694792309830766,0
2.958487427002115,1.574521347086992,2.043956424404629,1.236703145709256,0
3.0797778063152226,0.6240697877116562,3.1953125478880575,0.8575998081799612,0
1.4378492412733113,0.12858638565802763,2.893069768185403,1.8944948207409302,0
4.292869576160365,0.23529084657426436,2.1191469511910936,0.3887142147598217,0
3.2481919640311467,0.7143884313147463,1.6442179352742852,0.37262835480364487,0
2.7978820649034435,1.1483722508204883,3.9659868640303815,0.5996124573983477,0
2.065497610759918,1.522119229096467,2.1964900129340945,0.2530425634948668,0
4.131257340116083,1.235290595898324,3.0566141805697535,1.391209702516404,0
1.3958710103462157,0.9807755770751019,0.8541735187923181,0.35774039216136605,0
2.434810596351564,0.24812174081565375,2.4723341230758096,0.44653155914030035,0
2.8503983677586,1.59139243014157,1.175152229871991,0.9696049963258045,0
3.2403686215095604,1.5615130032440543,1.2938443692530635,0.8201457315035989,0
3.9745605037837453,0.8309561838857051,4.118329805174344,0.8863628258767967,0
2.637312814468646,1.0977847234505944,3.673791093713324,1.2987472862626894,0
2.167774776825317,2.109267975190617,0.8442152515366239,1.550650125411886,0
3.1370788086874257,1.3561220963804494,3.265791029352106,0.8940475420045217,0
2.042330649858482,0.23945343542464514,1.5667268515338673,1.3154767967960344,0
2.652949157750475,1.262896595813686,2.0203157026198597,0.4280296804668562,0
2.547062789160617,2.0243788974070593,2.970013169529844,1.0147812197097597,0
1.605909888417119,1.0851165736564514,2.178282387426643,1.0287583992699905,0
2.7376125400365057,0.6428881387691525,1.580894600739792,0.14994034621006688,0
3.20178460198851,1.8020030114238217,2.531960160747098,0.3310399718188132,0
2.5613567460810716,0.6746165239026002,1.3241809527040016,1.0958121745957414,0
1.831642958032511,0.06324967978542981,2.6594799707750045,0.25231748169946183,0
1.0577970880133052,0.2622313365072389,3.2616323259513424,0.9873905642902912,0
1.2429382638461974,0.6561422352081003,2.3857397932502744,0.6326784293534903,0
4.478167424279137,0.40374128804788756,1.22067030608169,0.415026372078958,0
3.8000077690110743,0.516146919151795,2.7198211793809324,0.010576828159173162,0
1.9276573518579054,0.6481673020895171,1.6046332218531951,0.6514658570690375,0
2.524089146249672,1.1500718164378143,2.5611922617891847,0.47277095322647117,0
2.1803144497834785,0.14780147365657623,3.9038572474253237,0.27998972113104276,0
2.738674489195674,1.7946765581352935,3.0675931721762093,0.40490757361524726,0
1.0850906892234704,0.2940813045403555,3.2172233453557286,0.6417796509305186,0
2.277697222136953,1.6693172502445262,4.249270516333625,0.18114904106325447,0
1.9531493166971439,1.4798900522094371,3.053999213113337,1.3288791853665545,0
2.555945193768904,0.17932120836988164,2.7125673520723637,0.9535238021838288,0
3.4716070516473247,0.08569982273814099,2.307585018026363,1.0519808060096858,0
3.8113060453756282,1.304722286245934,2.3699640004790092,0.5017731792600402,0
3.338628422388112,0.3308340928563302,1.9289964544348037,0.787022471175562,0
3.0679873665014283,0.31102134547209487,3.390703999815732,0.663686463295786,0
3.2025829451860983,0.30027980280308664,3.3717290098693655,0.7585745610075865,0
3.5932378938687934,0.4309347163542873,1.8803220904885298,0.2864017712867374,0
1.0913366368918103,0.6495562591308499,3.6107639844694455,1.2489158777665026,0
2.346408000525614,1.1392152272443932,3.5005337197301145,0.001587281956397424,0
0.8616225900148835,0.7806754887479502,2.4383933715340014,0.6665794168782967,0
2.037755098368423,0.43101188191296663,0.6516259244345937,1.0132782284267843,0
1.3867372422504376,0.9618078637639333,3.4480440760086024,0.39394121329098075,0
3.8151364752491252,1.8425469693334666,3.213963219710874,0.4346910412461698,0
4.127538641803831,0.304430670433399,3.053011056194279,0.05837590506707079,0
1.6873363961228875,0.9922268094511016,1.8832774086579638,0.2488686935254027,0
1.5878629001809004,1.46886888888988,2.4354924761259977,0.2742450858793956,0
2.5958443472745985,0.016412564032467575,1.955777999317978,0.5279708991899488,0
1.1771665167985441,0.28763607672930436,3.594906580383385,0.7525398506761611,0
4.392519162378184,0.8988986457926648,3.065759691679525,0.24564984127044387,0
0.5698710890341427,2.0654993203988856,0.9269234044506196,0.4575410792358357,0
2.9937071560028583,1.2350828179415623,1.0595593727544395,1.370049488937655,0
2.632502559395754,0.2635688267321903,1.4959745121886734,0.30875394461135863,0
2.9733848498675686,0.5721476090693062,0.8763798495892796,0.8457781995419758,0
3.451282307325482,0.45387761232732876,3.3368227458292328,0.43605264625163703,0
2.226494606689652,0.4993315669694716,3.6310826213803455,0.7713172585197968,0
2.079829342656268,0.37381244344319636,3.742793545831737,0.08311230352396885,0
1.32053607578373,0.18795606115731547,1.7478229536851067,1.0068796427116864,0
4.021300130351804,1.2078974733038534,1.490815420369581,0.07021185714569336,0
2.586220124473398,0.054949274050048236,1.2518771985798212,0.024973061753253218,0
2.177770483863369,1.266835059650185,2.4745133475593875,0.09781542152865388,0
2.404417763605029,0.6695588146423525,0.468320053866246,0.03166641646852474,0
2.9865078265467355,0.5144399336453276,3.1097359801378386,0.1555957703539546,0
3.379160518754942,0.3702848392803633,2.164505701968031,1.9408117434392078,0
1.7623043120989148,0.1816444557356708,2.822821029165085,1.4082287775485272,0
3.41183749767721,0.32424575590281995,3.7281436173029867,0.15806091126078647,0
2.1286434581816485,0.4546152280412611,2.233736265767592,0.3520907161341028,0
1.9404656443989818,0.9189603726065418,3.216325322713671,1.4879024414519104,0
3.080985065202997,0.5830885270000935,3.0084775893449187,0.8385253571783099,0
1.666536024815344,1.316060267428885,3.549724332522569,0.7188517234851802,0
1.3155032719085884,0.6652691579512856,2.4182766959629483,1.592543714706422,0
1.637235054496711,0.8259623059976446,3.812175219277125,0.8321389002761064,0
1.8726464727849366,0.6576124936290884,1.8207280734565183,0.5364061275397451,0
3.863524503799826,0.22098084767869905,3.673524829745839,0.9240545385819863,0
2.742556334413492,0.4869580060320569,3.503821326291948,0.22567401599874967,0
1.875994198048182,0.06144353075854877,1.9094201804498243,2.2462842060308,0
1.9732287374378648,3.3611874221591083,3.4510293261748894,0.07450306110144883,0
2.6222994824855976,0.2711064285893133,1.880737188255535,2.282513337248095,0
3.5727079513402007,1.4654831397383132,2.3447138939120395,1.556520465203281,0
3.5501953141271763,0.9209440365034499,4.034979542222759,0.5013505244725549,0
2.981728756958394,1.2783016439636683,1.515513532978271,1.4809447255095187,0
2.853274689373777,1.6152295536607466,1.3583548237869314,0.4033700190773029,0
2.559847938489132,1.4623079322000385,1.709127116193545,1.213708999705714,0
0.5851983546713084,0.8865312281381666,1.9923240185972997,0.2356318048644467,0
1.7672657119879218,0.23532993177570297,3.0913294603514343,1.1458109913859822,0
2.2470280621756125,1.6498313330066947,1.137543131492341,1.7054610258591902,0
1.420056759449514,0.21117686598068963,1.7853872263803128,0.0819284689382929,0
2.757486396048877,0.9256629054959428,1.959778866054219,0.9694100841269354,0
4.314655693589373,0.3810037655181888,1.8039079355639345,0.8113211955333914,0
0.910828200298039,1.3925079092748298,1.8053903233224093,0.14041656312457634,0
2.301687482790702,1.310394247646188,1.4477565167151674,0.013536797128619032,0
2.9135935837586358,0.23620600780824977,3.771276946902888,1.0882327911077263,0
3.152728354825106,1.756277805088586,2.2485164313994304,0.7683317504389781,0
3.9850414940060226,0.9605739603744099,2.1457536519744753,0.31110818996006245,0
1.8376665418016143,1.54306900603883,1.3798688440854165,0.5014090061112227,0
2.5525306295092696,1.0784583687547735,1.3945924186247964,0.2723815958049896,0
2.1270317897014905,1.7027312972046516,2.384065935649305,0.1722146550460594,0
4.095603534608215,1.4981071939197481,2.3145140641712434,0.4393564520587655,0
2.1287768767114374,0.04027551419014176,2.5310004557896053,0.8280956052355357,0
3.878504427066214,0.5220253856518682,2.7055087576599255,0.5551529791327187,0
2.074601643618926,0.053887754004660206,4.0808694193595825,0.18451123479048237,0
3.7633984004312184,2.0930734826597477,2.1682482976607855,0.9792306259505968,0
2.490885344869728,1.4274100317927345,0.29576532369893993,0.3752294114402299,0
2.362746153670729,0.5607942346245057,4.238931343980976,0.603139801749467,0
3.6379236980196747,0.8171472041134656,3.2219491987924203,0.5960656891248363,0
0.7841367577938494,0.46997028373229743,1.647529969615897,1.0235832010272992,0
2.9926837656413485,0.6586778376639413,1.8834612837551372,0.05825484756127815,0
3.0729998686441915,0.07118927311872805,2.3341474516027247,0.051026590166707964,0
3.3487737571577805,1.0294484698005877,1.379832757003246,0.5763213026745266,0
2.724115816677787,1.696345736435859,2.3887407529530185,0.7000286420582083,0
1.5897695598833104,1.3565753392376205,1.7821254138290643,1.1256201027100146,0
3.3243247129117672,1.786740440521886,1.3133145312036911,0.49050997876698915,0
2.9318065455059634,0.8141071037038843,2.3041011468405763,0.16031335988900436,0
1.8060833036979311,1.3127881385707714,1.0806604414411212,0.862852851958901,0
2.3544170612179283,0.07940215572297381,2.990185478613646,1.0000006446690066,0
2.5709380690705186,0.16302364237579453,3.426756881931295,0.35013038535921903,0
3.71767578209868,1.5331665907507848,1.7629036256138575,0.640567696570001,0
2.016889501628414,0.42585719660655585,1.4308624643600696,0.6994436075526878,0
2.072488346165505,0.35520155141572823,1.4818709356382032,0.41041092193261786,0
2.474710852673034,0.9428922848450078,2.300382162129511,1.9225364827914588,0
1.5047080368197736,1.350576424531304,3.5829577074674144,0.8200804418824637,0
4.280530114161636,0.4186151046175904,0.9315072282182157,0.1967773674040912,0
3.905626686271912,1.2428634672238812,1.6324177425683062,2.0263254464239133,0
4.495415483084268,1.0914228527732412,3.3407168405151464,0.337733526827853,0
1.4501141502430206,2.439608669847141,4.39160991645983,0.6525425988348261,0
3.079330479582442,0.4048588046675593,2.4983378349915073,0.42208767936303043,0
3.5167265255243345,1.6190524548354326,1.98874112757371,0.3626508851033724,0
2.523391777632891,0.22756187736226,1.3372975831344112,0.1501942398151428,0
2.889208490691963,0.11109891671311241,1.5808178932450454,0.5083511823173884,0
3.2822791273976177,0.7705155573473375,2.8402760419975013,0.8682800727304654,0
4.313670207629055,0.054669638619521795,2.404338565210956,1.8748677718588294,0
1.1544173628358187,0.5893459584721904,4.1268753774249145,0.24822739506262273,0
3.142151457970412,0.24696970624882977,1.7921895503328964,0.4666269465963194,0
3.5040832622682387,0.13120956754770455,2.628238270235845,0.40816835305788157,0
2.254590184235243,1.0709715374913553,3.186985921815574,1.2133224743160596,0
1.6539333165034305,0.8784987180423975,3.1342735200135436,0.29942056788597454,0
0.7423943607291779,1.8795416148689785,3.588403485790023,1.0912233468395969,0
2.7311747453774196,0.30965247001520485,1.9753354562546621,1.0726799151108815,0
2.105457965081633,0.3110656651606931,1.4119395402105566,0.45787727256328664,0
0.8113923565351919,0.3137435270801012,2.7341242402158668,1.026434706468815,0
1.9972924170293136,0.3733115812479265,3.218685121494538,0.23637077248050004,0
2.636881310747211,0.349867733173886,0.9047292462887342,0.43189696704107605,0
0.9917183124683875,0.26240948762861527,3.970808638164164,0.5425285024548989,0
3.771673046077245,0.9672484134503373,0.7388277138223835,0.5476685007746378,0
2.802482955584506,0.4238108849563553,2.389060137557108,0.36714184007348694,0
2.502812724016218,0.5837721450995129,2.411295259585664,1.306090346080382,0
2.945786076722704,1.354418761515796,2.4169213562661302,0.5779870283724808,0
1.4926448013781348,0.31930301203186745,3.0881357864248034,0.6143819542148387,0
3.37392292143623,0.44544908214909407,0.5293574120960649,1.3804132897049175,0
3.3002810518229633,2.3848361728045697,1.6020480043415448,0.39485956000690636,0
3.995927384006845,1.0664514333102915,2.177529824027116,1.348758484743098,0
3.35288250335696,0.878297191651204,1.6607405198595475,0.48771428057843635,0
2.992264993430971,1.3794369216004299,2.3592986992672187,0.44044745178916495,0
0.7430046366227503,0.3496348834480845,0.7936874634082678,1.1754810485909526,0
1.5359735905211824,2.1824595305763053,1.5808026446694168,0.6352103971750633,0
1.5657061837636195,1.7971153550272068,1.7920635838822894,0.3124827396590391,0
2.0121242100704846,0.8786339095931458,2.796575269898434,0.5346031394109226,0
4.259012705577761,0.2518114899463932,3.077358958704896,0.9752360444003003,0
3.933423592297822,0.24239339230312582,3.8249031515383853,0.6407969807458448,0
3.400588646698931,0.05444177555474756,1.147056832343377,0.9311633092308113,0
2.3040563816985205,1.8335223958257423,1.6921166690548075,2.0481665684206165,0
3.379184023028047,0.467005188471904,4.119852462702443,0.8976610847843702,0
2.659510787388277,0.23358189564251894,2.179742703882855,1.8808504263938977,0
1.5488086261356873,0.7678493972936996,3.197382815817387,1.379229843723194,0
2.0575798730151824,0.22589024372948396,2.3138821927987925,1.3189608338342262,0
4.807868410734603,0.09364066918806577,2.873913574648615,0.6532252172227871,0
2.3865874276745807,0.8787172833700161,3.3733358074544917,1.797369707425428,0
4.428849932996203,0.19171592725642306,2.7941491183150307,0.5673740858821653,0
3.0450615779646877,0.4779559249217001,2.2235310179078063,0.1341362336641464,0
1.4907992291380319,1.246967318217384,3.6336681268178608,0.5095914972778071,0
2.8357238939272102,2.065987909815752,2.4808209965279873,0.007579941727901143,0
3.365902583448887,1.0023152180848864,1.1793926654584788,2.2143708798474733,0
3.127236680853993,1.352644440986215,1.9316407479888662,1.245808148349432,0
2.77156949769925,0.8652425753033725,3.152226985574551,0.1748319276764331,0
1.871614806382566,0.18394816750909532,4.452255789245201,0.6605605166253499,0
2.830440589251979,0.717819477724098,1.5129813500158376,0.2261005942259596,0
2.3684781824567063,1.2877049713934157,2.3610185495767078,0.08080697934623565,0
3.084199115899643,1.816050413892373,2.4743201969278785,0.2593318418692073,0
2.6098022252234907,0.4526670615184867,1.4684324378824682,0.7203195752466907,0
3.1169702816831446,0.8329788419032653,1.9692158285894328,0.7098022881886991,0
1.5818943505296001,0.29703355001211773,3.502960972418603,0.3989328226488898,0
2.362653370631233,0.4781065287417388,3.378266463150757,0.6229192410617369,0
1.4245693625362412,0.49647099014086987,2.889540474951342,0.5680103461472937,0
3.1995191790502533,0.39358682999247263,4.26090438577806,0.1723103160484396,0
1.9703942353729285,0.521387922498341,1.7681484868655235,0.20406190050819026,0
1.3859315902185463,0.9580359842311797,2.4153319943022753,0.7873783070459176,0
3.2306750805597644,0.3623691860352851,2.400217107130885,0.14467086762571163,0
1.2887435871369426,0.2951912993293506,4.665334263996014,0.4902844741713928,0
1.4740036852978138,0.5766215747457529,0.6189218700489658,1.7866781933652214,0
2.6649827063430687,0.26271106070709943,2.839313353935056,0.27451742405784024,0
2.0499022834244505,0.0483905297345438,2.021679961722445,0.22337910447342904,0
3.9662040064953903,1.4728110213553878,2.5369238735124933,2.3811296042275174,0
1.878922131923384,1.9325246647579541,2.2610953028348577,0.43140858899096673,0
2.3548982138211114,1.5941926172782297,3.644844559460677,0.6684236299358246,0
3.195934954975584,0.6840670347851135,2.038341970299579,0.4291975698431221,0
3.590643702133363,0.4065766777796632,0.1932809423886761,0.6337700052229003,0
3.6692794202006396,0.4683092667328516,2.8943194174281794,0.755161664671079,0
0.6010180996615018,0.5681160284577146,4.7823717362713225,2.100707369589884,0
1.921622340268022,0.1972178204098219,2.0616369811784416,0.7690789180118304,0
1.5319881112563363,0.8712961116456249,2.3506331252571178,0.23828426511361045,0
4.769222785192978,1.106571159838785,3.6391155782461357,0.35953512874831917,0
2.2999655697787618,0.12495857647065026,3.275701917085013,0.31076439450390236,0
2.54624976239165,1.6321035469667498,3.620190085962168,0.10537003584439693,0
3.8175551129229004,0.13855959496852485,2.1756981847810533,1.0230863515672748,0
1.985358000597789,0.19469258522551358,3.7792849572538145,0.03293102967671352,0
1.5587934079998764,1.1461915543673113,1.1986461835751736,1.1080384504273166,0
2.5136126851737464,0.4934327016203882,2.4409564267057626,0.2743889832678022,0
2.689311047726323,0.5614004589821504,1.8584731912743033,0.026945060182115343,0
2.860342902612214,0.966049207596561,2.117804399142411,1.4183521417772256,0
3.032001999992996,0.016323878171100134,2.179521724557442,0.433474673398879,0
2.7799089783958917,0.22813890597033423,2.0979463431809386,0.4208467237875213,0
2.3823074792985444,0.39004721105244633,3.3968504804919633,0.4354306755486321,0
4.103200232082525,0.6797611113008392,2.6591662463104204,2.9506934704966943,0
2.919334848468673,0.2783210705745555,0.19059693528567356,0.5643343585989246,0
2.1726741643647753,0.4028028906231641,1.6106110134820248,0.4898207298605276,0
3.044843299670361,0.8678385952909592,2.8396285259259586,0.07625598902187397,0
3.7912766050489584,0.7459532117480492,0.7155497507287536,0.30163700714995617,0
2.3587460195292165,1.1234482971290514,3.2968537584626247,1.9393291057864814,0
1.7590899334638164,1.0537885640053881,2.821242041757437,0.40359221124538164,0
2.3040963160606545,0.05073398612171762,3.171177815116982,0.9281525059681022,0
2.71588919132558,0.604931530088932,3.4517701760060335,0.764058101472207,0
2.7881529038645683,1.4263325560074127,3.4567802363233,0.9753603420380246,0
2.9402733487114823,0.01925840506318715,1.6765364927898312,0.2345820287043815,0
0.8213997328737181,1.50348213028607,3.204106438782574,0.2358425206842351,0
2.0001586190473883,0.19201168279534464,1.4131633288507992,2.0127673130612513,0
2.8702344864455864,1.2898927847959498,3.683405685203881,0.8256197785836761,0
3.8025060524524985,0.10405756881514015,4.215160417683248,0.8616723608331346,0
3.077696567232436,0.3388936893224256,0.557532278449477,0.14935802268223575,0
2.3890088677019747,0.9043623009940782,2.6097216712235336,1.2190326395275808,0
4.037489599739093,1.7527678806777567,1.902805957656292,0.21381135482836638,0
2.391937663570132,0.3921211520508522,3.278746095056154,1.7211576657291734,0
0.47090593861877483,1.9590548313546108,1.5403640904957636,0.0918911311718581,0
3.763905990766589,0.2532472605377454,3.4614008871037862,0.16108382597082024,0
2.1492715765494563,1.3923609813148223,3.326250277043559,1.789083333678469,0
1.5509602315743596,1.0701818719578753,1.2346806845664804,0.07208850255716302,0
2.74038168770757,0.03702678073406935,2.3583309225937517,1.1207193573113428,0
2.0324360914636395,0.3848601833784613,1.866678320266832,0.14411418129418138,0
0.5071271076882666,0.6113447532843328,1.9971658710278035,0.07182427227444522,0
1.7369254291481477,2.379919428935738,3.2699262259382555,2.545383525679119,0
3.3782642804890672,1.1104792597896487,3.107905313001636,0.7593612707422642,0
4.424689495399722,0.89560130718636,3.2062636956421566,2.732364657453541,0
3.9252011300826903,0.529908575193199,3.1076036259103987,0.46503491792897955,0
1.9858757823472668,0.8153805426697919,3.4135308956465567,0.2578056271624123,0
2.3732135471167832,0.4606622411370245,3.1377571900488492,0.43991093920635205,0
3.206895646330288,1.6778806019595518,2.405038799777765,1.408355270043208,0
3.6349361423553175,0.2594163305460556,1.9499014800970933,0.42001300299327343,0
1.6542670160951722,0.7416888041791058,2.0027132010471727,1.3403567165637067,0
4.02772008631289,0.9419890672338683,1.9414408045571274,0.6311972471127675,0
2.5294305332495095,0.5253269824660753,3.869026784248494,0.12589073173708962,0
2.1370495992380665,0.16827108843717717,1.893534325122335,0.37638136346034906,0
2.3346981374208893,1.100070817196052,2.3087833482795586,0.42714099286440155,0
2.185542171788568,0.8247032531402818,3.816248862461386,0.95666169379752,0
2.9499899402700214,0.111872010457842,2.7267115992665123,1.09568653824866,0
2.552031361299048,2.1654881053948567,4.6791224328201135,1.3090609928099306,0
2.7819364706929948,0.1550227957519065,2.395067311459915,0.8038596649156716,0
2.15639906624749,0.5093084661900128,2.691952691938896,0.576478614693615,0
3.7977526164369833,0.8494531708517707,3.490031058416152,0.21709231864493073,0
1.2692906235090238,0.13661136556721398,3.177512771245212,1.0189766299647873,0
1.4192672372101047,2.7994406458224437,1.620423731214221,0.10638747387992065,0
0.9540949323730765,0.16153333933364922,0.27685110264279533,2.4232823551148726,0
1.8169614370300695,0.7172537501116241,0.7875895738645413,0.07787057593876603,0
0.5773894615973567,1.5009363817445038,1.6346816929975372,1.85605493688047,0
1.8082354452894074,1.270315587051208,3.754265752909597,1.2952662174213456,0
3.1147780167901944,0.2848690343226766,3.141745161862757,1.354658111259252,0
1.5948843015245457,0.5680856390087118,1.2963886814518237,0.9486445629668712,0
2.782986344017055,1.3924394283546104,3.238499756468267,1.3246629933472711,0
3.5042430878354898,0.5403137462868385,2.0106386208009295,0.592846980739097,0
1.329631588239611,1.411504531412444,1.8063080167744723,0.0628573675350379,0
2.4046240707158244,2.0261896192905016,3.088411610536662,0.04456437212161115,0
2.542117532247084,0.9340672155589363,1.9055913405738143,0.4630180201135312,0
1.172567304800499,0.5082816013154068,2.534389395449707,1.2622237719407396,0
1.6561885939594656,0.45036523829680775,2.00617836780039,0.5091642759051089,0
2.3608988628640653,1.8024196059017603,3.4933920169156805,0.0777066754641862,0
2.4474940385973767,1.4660384539533549,2.557878763662269,1.1464430886921029,0
2.5617789905693376,1.2027054192593143,2.7047573361273405,1.9290926596125122,0
2.629671894616768,0.3804523511838558,3.0875715518163203,1.739566461024673,0
3.4930231642698253,0.8856074675675999,2.8754066276035517,1.0059078010049443,0
1.819641973572066,0.6251377613424806,0.02882759238064203,0.27189851652877206,0
2.0837516558205675,0.19588136676655946,2.9426192594875387,0.32581611389158505,0
2.4304667760744385,0.9939471884353406,2.145796088399839,1.0610820600196822,0
1.947115152488374,0.4917261829281946,3.619923871883609,0.656606111345721,0
1.5987133913513611,0.7217090986154994,1.7902010088282827,0.8673129700330486,0
2.8997584804977152,0.3197734511629322,1.6574940203490292,1.2362764603235261,0
3.8720916788327147,0.12033880478932213,0.5433311409646409,1.1831226106500639,0
1.659525445857815,1.988586044247094,1.6308704822205333,1.9825618873967963,0
3.370865983709755,1.6587979061352403,1.6605376803572023,0.22282236843684866,0
1.4210724627931406,0.24983529454212275,3.6214576563836545,1.9540683939842372,0
3.3811825576822354,0.4392498078044009,3.174728609993184,0.06126038850849913,0
3.3440799230508764,0.5273180979084896,2.5013919732225802,0.8296897957296576,0
3.133229991962984,0.2237901791089217,2.2420248446536277,0.8323464512076514,0
2.7811662667567827,0.21836625436695956,1.6608597148329993,0.9913963900237897,0
2.5691296067312357,1.3703955585871879,2.2830345689260834,0.17082716024160943,0
1.467316663047014,0.8727407380470593,2.9964651811681553,0.22478016568142756,0
3.163719397225345,0.6875454484601023,3.0330104922578336,0.7569055279110926,0
2.2301280010965567,0.32916116495129805,2.8821338161042758,0.8926804462258211,0
1.6920088890930862,1.1490583995482335,3.406348548845065,0.3992546663535973,0
1.9424306440618366,0.7049747314236846,2.859659511038922,0.09674803216810059,0
0.8612945608223879,0.6841027862303785,3.338739402131126,0.8724272112517006,0
2.0199379243002618,1.9464597268620352,0.5260185069206453,1.431018933382984,0
2.7502949589085306,0.737641048866278,0.015276826248993736,0.5140512037480819,0
3.263091363940494,0.2599122993543159,2.571239518250322,0.8252054278942149,0
3.3457207207567476,1.6424989283839901,1.4584587977813777,0.8829636047063807,0
2.6879957388685276,0.47603958620113446,3.6243838319941935,1.5432637066281367,0
2.4892381674338715,1.43145424100914,1.7363266081534818,1.0843374953622786,0
4.671289770975658,0.3616868528506377,2.723726898939148,0.21823968035237015,0
3.480213974503215,0.9540612789710274,2.263052086708801,1.5870120879924925,0
1.7800786550527037,0.19600826715454106,3.9230327025671095,1.7731612723152361,0
3.7844857303768524,0.10750815298770922,1.7302402711416947,2.204662334734689,0
0.8958402683225122,0.8202911779738103,1.5351196760829025,0.28385434490677747,0
3.0224816270423314,0.24521876224216707,2.3970774772507406,0.7276141382233597,0
4.170169462627706,0.7016520120438413,2.640551278912541,0.6665833746845095,0
4.259644054949036,0.21723139709502648,3.6338322722091245,0.0694133025205093,0
2.231595791999265,0.11750515451082626,1.8889294329878559,0.13871933903032935,0
1.6745416089405614,1.905932646594897,4.034522090066972,2.7884204195300186,0
4.143385835119506,0.6983056765720506,0.9677473252601221,1.0363157713325168,0
2.9821500427196037,0.15217491623617804,1.3946236917625061,1.6709770089596225,0
2.932692166740611,0.6485835357398311,2.550407660971316,0.417544388905878,0
1.8283000686781432,1.6087776785537369,0.8987896791853864,1.1121361916486068,0
3.442428752737536,0.17936166661497985,4.0235531662688775,1.492644926704454,0
3.048762768462463,1.7981286270577777,0.6401648273979696,0.9955849088931675,0
2.130927816201999,1.3919727613266297,2.516935678104453,0.23308041607975755,0
2.4172735390157882,2.5299694686129435,1.4923835273032167,1.4968448683539926,0
3.882495424051857,1.1925394658518522,3.1103700101533542,0.05594080188275632,0
1.1495838991107155,1.0433275342899142,1.9748801015987798,1.0333525971893331,0
1.5761030236935154,0.4149172880094141,1.8390175226229188,0.5498075555529047,0
3.6303954380910053,1.2410874549325028,1.3313970526605077,0.48442647113120724,0
4.092126172038995,2.0367820609811464,1.6061981015379483,0.22711012991397012,0
2.2559371061977496,1.601898668875894,1.3586208584281438,0.8742945155342747,0
3.4192973301547056,0.9841204343711106,2.5223161559866245,1.0759285486328511,0
1.402754953107896,1.36845750134995,2.158244753613912,0.42826589805062326,0
1.9144688615388987,0.6320498884105477,2.661533984668326,0.4849933812114395,0
2.462935312534168,1.4423767641059213,2.0781587760900186,0.5363880815131404,0
1.786050158980557,1.0245653978168594,1.7822539704023783,1.0500700051429928,0
1.8315819470100847,0.4909477727725437,2.410646481135179,0.9591571369108327,0
1.1844109042452469,0.40395043654250906,4.268877124678774,2.1881421059677906,0
2.5369600022131005,1.9321044770378004,1.9398283697053382,1.3532098037046518,0
2.0300260475278566,0.9069093690097395,2.314200645218755,0.14624170836024375,0
2.13901828299008,1.3373365084139597,4.00379707158523,0.3327034681384005,0
1.4654142558767835,0.6865076117662278,0.3775686856428586,0.038275088390384425,0
2.9809934849089696,0.9873151313707907,3.603584300948965,0.1742689532495034,0
3.1671006519357454,0.20147301844637386,1.469343725378722,1.0748486667541197,0
2.044715174371745,1.7884980642259851,2.9323609097997108,0.4714404724970534,0
3.337996377182934,1.1320406388344229,1.7901557932952472,0.33348902207170616,0
2.7040910040380806,0.15814940501213168,2.3407048456511346,0.8257018265234912,0
3.238559840458526,1.1057742309954348,1.0834084736289318,0.8411849196755949,0
2.319298798291507,0.4910382063221091,3.474591743611703,0.5870568285137586,0
2.5265711410638665,0.6765072045630913,3.7755898100756182,0.2021903476521099,0
4.062843724644753,1.4704474425015825,3.149640591290252,1.572076371296175,0
0.9832765806914823,0.4097186214252092,1.1704056098039455,0.39876422151478647,0
2.5625311382560896,0.682835757890158,2.491862619468607,0.15303612545455783,0
3.4605475604469937,0.8610764195871309,0.3367118444943258,1.1917288433896414,0
3.982434561159804,0.2708790949564746,2.341938424131025,0.11329140281184417,0
2.101452761669413,0.48183825161964633,2.304469115101618,0.43504862845065223,0
2.619866530626988,0.0376796838420358,3.0764412870956375,0.6348755664252628,0
2.7976846090679723,1.973074343819817,2.0195620311110045,0.6060601948548672,0
2.9128856771638754,0.6614362658196474,2.339997594212377,0.7258875137341593,0
2.161942481848712,0.11923992349509455,4.33194116657544,1.0528137892399603,0
2.550088685652113,0.9829256765047222,2.996162333745559,0.22439720504081,0
3.985838648240313,0.3540114992090748,1.3043149652424146,0.9245667350956626,0
2.708178775494989,0.3031929259266427,3.5193545427868447,0.47419101042194367,0
2.141114142748715,0.22360558078853496,3.3141954228101658,1.0776604717475533,0
2.0957457701439433,1.4533124715629269,1.5322467874789054,0.08670897285621373,0
1.9034880997221117,1.2771972024442781,2.602326812318684,0.824828045188979,0
1.4107221459305574,0.7095060040383901,3.2543671811831194,0.8750601058609061,0
2.267557065663226,0.8447990452364157,2.2967003117926175,0.8114763495748868,0
0.24523736092324988,1.242931832158643,2.7478090307198597,2.044004993182245,0
3.262996106734732,0.6067860175641419,1.6870906320119112,0.1759822885540358,0
1.5581675824445682,0.7256894706982339,3.4950914176360635,1.527249026470193,0
0.7093758680677154,0.4801911843845808,2.897082401274774,0.20912667463545506,0
1.6401880335239771,0.7513476837126931,2.084520794047432,0.5934483038229226,0
2.6317627254315004,0.04266384588888331,2.276065639921013,0.10605800708404088,0
3.6604413079097355,1.3941656844430201,3.675972247589981,1.4516465029307095,0
3.617264885537801,1.3617645432383063,3.141435577547757,0.16436467928494322,0
1.9964482816318898,1.2772818985384966,2.5763833865242085,0.3289658854054587,0
3.836210312805746,1.6362703907508507,2.818473578205254,0.5713198320009668,0
1.1067397483185286,0.8180560227947564,2.5222142333468063,0.810955854430286,0
2.684061278620908,0.2169957276584198,1.2823164266136455,0.24508362201943487,0
2.456227236519806,0.21375498334450058,1.997971994546551,0.914956420199455,0
2.589178071372768,0.9553635175095581,1.2905732714076403,0.3861355328390545,0
1.8396105964593934,0.14700446114349294,0.4290384111280603,1.2342470868042734,0
2.5909380857007926,0.06702163749504622,2.5159859722308395,1.4992754894618878,0
0.36973352217733035,1.7727910027182097,2.6639332702804936,0.22545286719336283,0
1.4705941990552522,1.6730472466649573,0.2290716563196069,0.36038996483012575,0
2.868994106461209,0.8445476125271385,2.5474166809427494,0.5344125236290442,0
1.3870917717191305,0.39435326240666646,4.656717800087392,0.011529176807104233,0
1.7505099508769226,0.5473330306366976,2.8530141590018663,0.42161353045515265,0
1.8624069788168631,0.901909070990613,3.305583326656468,1.0202428913868506,0
1.7019987063779949,0.2002228538864463,0.44233285926851007,0.7434857222727893,0
2.6472010374402766,0.4836301292005734,2.407522236004174,0.5454233816364454,0
3.317562019063228,0.7260782599109341,1.3592352645806203,0.5148830846769055,0
2.3557132387641846,1.4848337031599008,0.7602475300862306,0.9440055015709959,0
3.9374214515810886,0.597322270035472,2.755823071439589,2.0764999194792373,0
2.996285110347948,2.032814835111743,2.531467550876948,0.9892943102647644,0
3.7150433621956402,0.8499000012159484,2.3280270995468286,0.15277480177123612,0
2.9211625002153223,0.7917755431424768,2.130544409439739,1.2735619290146292,0
0.8115334905372986,0.09704307388167883,0.3534030074973513,0.7520697063508165,0
1.5252523842036667,0.39874273272039434,4.103217371329643,2.4135280889614448,0
1.1945605134348565,0.3880550409975657,2.9627729395549864,0.4749023561642366,0
2.825903256740882,0.4181379512538418,3.0140233875895546,0.608281226982082,0
2.4964177017933835,0.04080000538527852,1.977815600503931,1.312807478964268,0
2.3531950187081616,1.338195255977157,0.9875645078024486,0.27082274938901174,0
2.8018682356520532,1.0000031173476882,2.132932928633508,0.6833320991855741,0
2.5293405070612702,1.197304014898024,2.4597206718552522,0.6376309608553933,0
2.987088794555332,0.896658175521168,2.236442598824691,0.4016674409513232,0
0.4574565383806921,1.6280173204013189,2.708156209094298,0.05655681266948687,0
2.2704747931550098,2.7290328588722925,2.213907628337765,0.027032200681560415,0
1.332063914362248,0.17540835524419698,3.7351572986441015,0.4582123594946314,0
2.8324722971029725,0.7998493793088992,3.667454674163605,0.952462342515028,0
3.0966074421721155,1.3625675164168758,1.2294448702190468,2.0861286246265114,0
3.530932281324258,0.22381733227650222,2.3344332886762227,0.21184951221109694,0
2.82222265043715,1.4127967164009112,0.8324103412030253,0.03565183080008554,0
1.8223887957530067,0.015249461608749109,2.5376102956718003,0.44428415834437823,0
1.8531468700681808,1.0556224038718003,3.2598683217943325,0.7488242096601161,0
2.371815388884274,0.26010685580061726,1.8033794069068985,0.6132366708898043,0
3.0598979263865385,1.341759109289546,2.2903968480797956,1.8824831546645249,0
1.9794945802258406,0.1207077154257504,3.4730136895201156,0.7660730042635697,0
1.8281046029618355,1.593165967023502,1.6320351748012292,2.2796859581243054,0
2.3767555427799523,0.02048599618479494,3.7719284762696956,0.018844177794030432,0
3.142917056888086,0.07710020740039299,2.8484285709645336,0.2125462866574286,0
1.5718978806791684,0.2859657151166657,2.416720011851994,1.0977878897265516,0
2.4488440038976416,0.9771231637336723,1.0812718192008852,0.6270991584523761,0
2.6745544711957674,0.27612227817590534,0.6367322389501751,1.6329495712031765,0
2.5064379615319283,0.8100822098319868,4.085291074054156,0.9399124102010469,0
2.0576544172302755,0.2691462321850062,3.1279952051705173,0.8006236058412213,0
2.979170601354272,0.5963989571616033,3.640784414241301,1.9675788841377173,0
2.5323361614227706,2.0037635118135317,3.711124384696715,1.199712824216886,0
1.840451535841769,0.7378905179181663,4.736272501161435,0.4981154393272503,0
3.36763413409209,0.5350987158162894,1.547037168478877,0.15279346085712583,0
1.6535073116962122,1.7459536616635396,2.2301944850272997,0.40280046821551124,0
2.926164723441735,2.049054991311517,3.629095576784956,0.3791268895659042,0
2.1952056124578645,1.185201579895104,2.5221035701069052,1.5968130945490002,0
2.9224261489393473,0.8834008219379154,2.510228894464601,0.20133133694833333,0
1.6740368128379255,0.8725314127025183,3.1391786245850346,0.38538040102116045,0
2.573408765836891,0.8643203865634971,1.8709314943763393,1.273616634322232,0
3.120474457359236,0.5505653807628457,2.830982138832193,2.068310214519945,0
2.947191729282252,0.25673919103375387,2.721252744333015,0.8458618095900391,0
2.2686288047482748,0.9915712906110423,2.326112201825744,0.36578533623560366,0
1.1785447788972678,0.5986681789175928,1.813580637782066,0.7869245383067641,0
4.554070995824164,0.08933231288764411,3.262435485488731,0.25604973212024124,0
1.881462534514228,0.6738025318762534,1.9213299179520997,1.2245020190191436,0
4.519991421314037,0.32814367563817876,1.5396343556918537,0.07976296483479867,0
1.8972594459381988,0.05321688551805433,2.5643254836668894,0.07154788483784745,0
2.554824883191088,0.8425579761683405,1.5804985328982792,0.7817477976646172,0
2.43139337527012,0.615352952845796,2.253588768864162,0.10128952373322815,0
2.6531838963262717,1.2763771675143656,3.3617728307513897,0.5100169181264946,0
3.3684576264388886,0.1168150478562702,1.9282826288686061,0.47670558698578575,0
1.3504987812326175,0.3491471756865825,4.000312818048335,0.6281123144688776,0
1.2545387374806067,2.3003019507218028,0.368641958750096,0.1488325681940137,0
3.723032094444416,2.566924494440971,3.097475213119704,2.3580338757455097,0
2.0597831202660917,0.8185139574232266,3.063711773411441,0.8944076509255628,0
2.43633440850525,1.087617295042089,1.6262656023439184,1.1353607553800606,0
2.7095627666943845,1.5838939208655487,2.569399496663592,0.8951298207667994,0
2.222106188287745,0.546052601659715,1.3356187479765966,1.5298235996720622,0
3.472118220813239,1.413396721127992,1.8794537766885515,0.6780342709454451,0
3.6245125056725493,0.7112024649666223,2.56406359587766,0.5377533509671781,0
1.7182535188873458,1.6670222694828538,2.447031958742071,2.4893744248549616,0
1.787095902995557,0.7168965386613596,2.7761623894152154,1.245459082411905,0
1.8210582736402707,0.5921010429901112,3.815181284452156,0.3110090776970108,0
2.3234193664781193,0.8762274684734275,1.0311605830386474,0.23515459259939792,0
2.6073478306792155,0.9935537597214518,3.25704688969123,1.084361176611696,0
3.256732481408463,0.3940897715082571,3.1084933802205947,0.2274570358519314,0
4.585959012534069,0.2388492136714141,3.813460939393086,0.30781091430725105,0
2.41144088009345,0.1767584810527403,3.252353715143064,0.20943340711492658,0
1.1125786659131027,0.6836502871401332,2.6304527373208413,0.584199367201717,0
2.4507813050809135,0.2684429793304144,3.6031963228683406,0.9009078978773047,0
1.95454961648718,0.8101811411539408,1.4082133582979364,0.14048895409430254,0
1.8209859004677604,1.1506973052403409,2.8429058720673686,0.05789422357571383,0
3.263023908248136,0.3400480350238985,3.5294357617620884,2.4983090545518833,0
3.2083130867803673,0.13611807017289967,1.1953508859342419,0.5343973224762087,0
2.8433247625286566,0.6474320579803536,2.5715340885722378,0.28517038502439246,0
3.1766305362567797,1.9656863967123002,2.4861044559781695,0.5252548933972292,0
2.2075906154147473,0.7976366500695907,2.7584311977711184,1.282071276487645,0
3.6147376956703567,0.14696170143732223,2.5015337532624753,1.447483301772613,0
2.5068996646956814,0.13754415381334165,2.978494434294067,0.15404467877164538,0
4.4876117885032984,0.8418694412873396,1.214150742568623,0.8330456411791066,0
4.584666708751203,0.3106219307439383,1.1938275892564063,1.2952673981844784,0
1.3906778413600265,0.05994298228996751,4.109650825233968,0.6744121841189917,0
3.916427328386964,1.2069751033205063,3.023502225667621,1.2589614077262166,0
3.1414898291766473,0.49213306375883736,2.2339160640042506,2.658778608003129,0
3.5864966293441443,1.094523097494358,2.638199560820267,0.7952857520894958,0
2.5078998159324244,0.8945318177177806,4.546996318339503,0.5820025364363415,0
4.041865645180581,0.701907733040372,2.089527536580355,0.4286643399700199,0
3.864417088731095,1.1078836781729842,3.2801079571024507,1.5424761581542152,0
2.7061942256554867,0.09229895489691603,2.2487416019300044,0.9909296260484349,0
2.085728046792442,0.4747487739083454,3.3474007054384307,1.3182737027860352,0
2.7053305250610524,0.0018560620183957488,2.741861992065322,0.28879346219937385,0
1.476579266706364,1.0528746091924275,2.426146099423866,1.093122669531478,0
2.7894928176899687,0.4643921280038324,2.255681940420676,2.23634851654399,0
3.472915209453775,0.8910203292704474,3.0723677157468527,1.7362799160558964,0
3.450124379925353,1.3032067545705683,1.729323101323386,0.0002263741538393278,0
3.772428857265348,1.410804449479342,3.132134491154326,1.2654131642074908,0
1.7470667004249378,0.5047822435796456,1.668622410431833,0.43968249112670693,0
1.8097299611176698,0.04299530183622767,3.0196173896040506,0.14595327297802096,0
3.1528499393494807,1.4073158651429294,1.8540448562166354,0.8181417128380387,0
1.7469259864075208,0.013322968669485484,1.7592334492512465,1.3978723886374405,0
3.6082384791481497,1.4917055789654876,3.1484787772063356,0.12508457113389893,0
3.48764840797954,1.2958514240850758,2.153782370948029,0.6011801420652452,0
2.5072240422443324,1.3266024458517538,2.181273038089891,0.9073188590337622,0
2.80248936330782,0.14889870619735235,2.5889207905796523,0.34520896978880516,0
2.074070458416943,1.8830603985625456,2.7612839297187017,0.2757027677245725,0
2.41421701649786,0.8460318517096452,1.361013979893156,0.5313143098595855,0
4.564736175895981,0.4888592533119545,1.6709774175665917,0.47417642787494907,0
2.165816209253023,0.4929808000599149,2.7719669320264897,1.2655600008936811,0
2.0913742701690805,0.7300843412162542,1.2040858194941275,0.39639564221651846,0
1.2714298958800212,0.2533965394791051,3.145632042341542,0.5470633482817472,0
2.1261465301842986,0.19157271051896613,2.793714843402375,0.930106073396237,0
1.0270646182229024,0.2877543076419051,3.732184055098566,0.31075903343974637,0
2.024356403958278,0.6615114885292496,0.9193759129161938,0.8997566519716869,0
2.5730081642777414,0.2641539121847848,3.7607409737018624,1.3357676528554712,0
3.2188538298813745,0.7498475470989518,1.6629792141188036,0.4299141182887454,0
2.693234605285017,1.0786078590456687,1.1719607140590678,0.76805269823967,0
1.9868183937396924,1.3514030880770418,2.5269342327415547,0.09516243083244984,0
1.3905414489148458,0.24039815169783207,2.242087541223053,0.03464732222554472,0
0.9784244024557687,1.0172889990356302,2.229979009687549,1.2190212534891767,0
1.9555705323793333,1.1197976188620589,2.4407104243628086,1.2079143198784879,0
2.625893177813323,0.11877936549891872,1.9973805731541847,0.1280772050785865,0
4.2065782130678455,0.4318481699221773,2.4170127451147114,0.4609788917450328,0
2.081266923106193,0.10020552539871219,3.333078748921732,0.19733301364554373,0
4.72778554261829,0.22180612421559504,2.8350950443871596,2.1260032713352763,0
3.5512639213586765,0.1552269744781251,1.7000574672275357,0.0272815952204867,0
3.5758222490614275,0.3316060664346835,3.500004911785435,0.4216622705274605,0
2.0314134832560993,0.988658080667107,1.9707809630655206,2.067197250315294,0
2.600006963098685,1.0851388065735401,1.720497578060395,0.6186106299513814,0
2.2043689059706377,0.16679824830788517,4.272619477569489,0.25384353362046075,0
1.6926586596443929,1.2099533351246912,3.1613911611506857,0.44636108622462306,0
2.4108667585510224,0.5157006391209186,1.9693918371126615,0.7066128544725091,0
2.1277103089947995,0.42466534374925174,0.8422895196757696,0.9173630761477345,0
0.6901622310001594,0.29713756009829123,1.7013991743536365,0.045396617772323254,0
0.8913085626250883,0.5756246415829745,3.8242922521976106,1.584070478655122,0
2.6583710698597653,0.7334103492949685,3.7920832975331047,1.8770897138122369,0
2.225042541116532,0.18497531003645076,2.1765902752419573,0.21467171659639384,0
4.114201477224704,1.948476132756042,3.7820424105206896,0.015758139505411214,0
3.4799615332730487,0.515728915229073,2.5876134257017163,0.4593663679550337,0
1.9045509346840805,0.42456237866779295,2.004511110647677,1.158485012355609,0
1.5120595618974613,1.6583171318781529,3.2433132917442418,2.189332398469339,0
1.6639986734506933,0.10329681559515527,4.177201585757501,1.4229001108248223,0
1.49080269375383,0.9663103891381299,3.066574883246541,0.2729693030329731,0
1.859214180856886,1.7929461350874332,2.400626987174478,1.1237563418436392,0
3.555720051574604,0.6605547945598401,2.173400976394322,1.4862365793073729,0
2.658153849877257,1.0537242256369006,0.946692599357259,0.17888666016551083,0
2.3307417360832723,0.7089177460642094,0.07671321540117138,0.6037218302764592,0
3.05154646988154,0.8551382734997717,2.4153749040248824,1.5759577204169322,0
2.96617662076606,1.479879636928458,4.098060927553297,0.25407534954716354,0
2.134421916774745,0.13312088546260653,1.4520194876923134,1.1364413188565512,0
2.6849577347272584,0.906903963603792,1.6434854345607388,0.5985833599097611,0
2.741203292320701,1.6638753801898416,2.953614499805578,0.689812501632041,0
2.681091737179446,0.5907898405368782,1.5442914732993702,0.1315263537917603,0
2.9960394646465063,2.0030256693336566,3.096265238516648,0.11355799416347195,0
2.4960872517581127,0.013858866055115791,4.765966369809249,0.18838984579640147,0
1.703238283527627,0.13281338050863442,1.654748676941643,0.01474681238621282,0
4.556779747670321,0.4781249943585906,1.8205683782158548,0.5396961130232133,0
1.9646762429614504,1.2159403771532191,1.596744170073743,1.167189497781643,0
2.9879757701935334,1.039363069371369,1.5045990865902157,1.3099317705738143,0
2.8435125788977853,0.47621984902124026,0.580318561254886,0.45772074702528137,0
1.625629098956584,0.3269891032070597,1.5460625579790221,0.7930067774893651,0
2.497691996540589,0.20457990393706676,1.9648685365211063,0.4447978532759016,0
2.125913642424823,0.9408298258499993,1.5622820384365568,0.7336350798636315,0
1.8527602419984113,0.9205972856078988,4.056234412167594,0.5683168887786795,0
2.0212110975253226,0.3272535459954416,1.0711541694714268,0.019917086884866365,0
0.8416966168174727,0.24488615967626223,4.059526224541218,0.1292986786466984,0
2.9578837295671363,0.7333047882523887,1.5254183160383636,0.6195773084229972,0
2.611555259130823,0.6856553295559277,3.0439766964912573,0.7800104404345543,0
2.419500118530245,1.4701700794255197,3.4627523355841223,1.0972702581471272,0
2.788603501586154,0.15097580257119134,3.2967189130665875,0.865473502722163,0
4.413871187725448,0.7136945914005459,2.2913618810349785,0.27360264822772085,0
1.7069935837710717,0.3330075495875824,3.409216055405061,0.4706661394086339,0
2.7118731142313948,0.7951232127482257,1.8151516047777556,1.3554429386837048,0
3.594116182851741,0.037364168662831494,2.422360586462069,0.7879824242407193,0
2.400970142539081,1.0159368148545003,2.2842495787578914,1.1026798752177527,0
3.9210604128059057,1.1518092312377053,3.9912891295840858,0.5741111492443536,0
0.9441366086161245,0.04180733246798636,3.7007726142976596,1.2481579019212012,0
3.94716109428185,0.11734513057904263,0.07124685469117509,0.7168038252973528,0
4.1848569903748025,0.31932943181017964,1.443440158027361,1.096020091451745,0
2.3998231675524027,0.6020761516785041,2.016294231260897,1.038043848831593,0
2.6933469744174903,0.801984293826107,2.3690256767097417,0.6155784676647676,0
1.2522205497587513,1.0073650566063874,2.3626103415728914,0.9750267851284274,0
2.2608188863279493,0.8736494665612178,2.6651344946382367,0.8003444160485748,0
3.4108041307474437,0.016840467833081643,2.0743152068039086,1.187723253504551,0
3.8368381643617453,1.1692998848540914,2.729598117147797,0.08094671099045204,0
2.0955580513100958,1.3520650088400346,2.154925664685451,0.4771942787613723,0
2.056661399683111,0.899809558602719,2.842333908811882,0.9338298450707182,0
3.183576735946296,0.6441359347684249,1.6832100907169159,0.8689181771781392,0
3.285263242056102,0.8203826727133601,2.5829595863836046,0.19287203427953725,0
2.133368430419764,0.28521862746072985,1.6776838605149682,1.0299303211237876,0
3.382273935787214,1.3682437839215904,3.4956467146774397,0.17462097917908392,0
1.920869283827416,1.1982855317971108,1.010023144257548,1.4070118079988845,0
3.371688267723064,0.4022937779977446,2.8242061691391447,0.5395229628464748,0
2.495356345625198,0.23076360902310553,3.005006984454551,0.4206415666513913,0
1.4937168498425644,1.9152746798922877,2.313067180849015,0.37071286397625675,0
3.6537438194803835,0.5993467727507429,1.1122392358379616,0.02520211512408098,0
2.192896671947243,0.1239371651395117,1.5298123328942217,1.062468305348459,0
2.2414314052221807,2.9143686425071977,1.6536189971705197,0.9841490636027264,0
3.7106893938118297,0.2814073660887896,3.629228970036761,1.6885500079103335,0
3.74710811973795,0.3205601508428957,1.9593934124939971,1.0746648492115487,0
2.58119675602155,0.5715787240377427,1.950149217593953,0.8142343061119693,0
1.972477131152627,0.38155022685016055,4.235060750983442,1.1019481053052913,0
1.9511802643996874,0.29333554968283027,0.5369503280289925,1.8088634196450004,0
1.566291739440394,1.3160069305871405,2.057412171272158,0.38647409363622526,0
2.3308357362473417,0.41804449135660493,2.487814675040296,0.8411909352262943,0
3.76231028543231,0.16548148624755182,2.546762152023567,1.867499638611062,0
2.8126163925897174,1.3543885524303168,2.58119916997098,0.2547120193301214,0
2.925540349524092,1.3026229679459216,3.1016155224118367,0.6601058268491473,0
4.065551293519867,0.4794671306068774,0.7547424953310311,0.5060375062734781,0
2.9517643458858283,0.6303002599847533,2.22072499571342,0.9493892522348407,0
2.728019278459823,0.32092066582229567,2.001854351781809,0.28810151147193414,0
2.5542217390486592,0.6907926120944244,2.697162703362506,0.17555738970495072,0
3.6439153395311266,0.12388660356956603,3.045926053720992,1.2552161657992629,0
1.6833025379298725,0.21803611506330192,3.38375459542128,0.1683717202517981,0
1.667807580719979,1.022121987495278,2.7469482664265636,0.3281216107379182,0
2.8868970466107835,0.8251831192419594,1.9972959061824929,0.17381321161630928,0
2.1985485353698557,1.5300589044625463,2.618620321006229,1.1188027901097524,0
2.099416750838593,0.6804670078678048,0.9892740417679231,0.10458045476073054,0
2.4961508977242746,0.13203652546324665,4.25364764388125,1.838625827598415,0
2.692345803425377,1.558733432732103,3.4736520199173966,1.381940874376893,0
1.8912337630934815,0.9561635727534352,2.8083832899657497,0.5533458285897139,0
2.0300567774880776,0.1744236018287754,2.71307061658676,1.1164800209919132,0
1.7727195793336783,1.1190796595694439,2.6666478911475786,0.6630568404885093,0
1.3238016715563103,1.3941994503485813,3.018452944509665,0.31875007111765535,0
1.8862952237590713,0.1623462248178936,1.814865039119832,0.9752364989874389,0
1.0221496555702965,0.3528885049133242,3.445772081040264,0.013749975202080733,0
2.9298973120047402,1.1987975643633633,1.9253345970765499,1.6830298911118158,0
2.1385051585720296,0.8862519624399119,3.9629646443232884,0.2922148179973439,0
1.6582543557120575,1.0277710485880651,1.8000945555240169,0.02508356159245057,0
1.602047806250138,0.2882130946396499,2.292111760905501,0.2000144143929752,0
2.654990929932902,0.2959813344378764,3.335336787655634,0.7363083847785162,0
2.3190572261361875,0.07283990370630548,4.751471936320785,0.9489501411967332,0
2.437539240548099,0.24854688841858463,1.3505101025789361,0.15229479821017602,0
1.3963935542382793,1.4931691720964249,2.9980589503723207,0.7651028397806175,0
2.833650756565466,0.03517797902463211,1.5877482147198885,0.7247409805110848,0
2.4530355268097326,0.5659681856643866,3.7771911313381095,2.009570447356627,0
2.1230470850401293,1.2289103267614718,2.7226858322995224,0.06874135417511723,0
0.7564265262033523,0.9318745546210725,2.769794166607226,0.21874862747236504,0
3.344517878835022,1.1827570033253723,2.696908187683995,0.7351959917448386,0
1.8127864909980809,1.081875993525606,2.9409698303417424,1.0766825667134636,0
2.3163718564790075,2.2118489554257588,4.594401872495661,0.6143082304402979,0
1.845348102761581,1.8091617061556349,3.7838976393921344,0.6292467744106208,0
